Date,Home Team,Home Score,Away Team,Away Score
2020-08-28,McDonald County,36,Aurora,50
2020-08-28,Ft. Zumwalt North,43,Battle,60
2020-08-28,Liberty,46,Blue Springs,28
2020-08-28,Pleasant Hill,20,Boonville,25
2020-08-28,Nixa,42,Branson,6
2020-08-28,Ava,42,Buffalo,47
2020-08-28,Adrian,14,Butler,20
2020-08-28,Miller,8,Cabool,68
2020-08-28,Northeast (Kansas City),0,Cameron,63
2020-08-28,Warrensburg,48,Capital City,7
2020-08-28,Fayette,42,Carrollton,8
2020-08-28,Ozark,14,Carthage,35
2020-08-28,East Prairie,2,Central (Park Hills),43
2020-08-28,Ruskin,0,Central (St. Joseph),29
2020-08-28,Crystal City,8,Chaffee,46
2020-08-28,Marshall,21,Chillicothe,7
2020-08-28,Willow Springs,42,Clever,0
2020-08-28,California,61,Clinton,21
2020-08-28,Wright City,41,Clopton with Elsberry,21
2020-08-28,Warsaw,42,Cole Camp,21
2020-08-28,Windsor,36,Crest Ridge,20
2020-08-28,Ash Grove,48,Diamond,0
2020-08-28,Francis Howell North,0,Duchesne,33
2020-08-28,Van Horn,44,East (Kansas City),20
2020-08-28,South Harrison,28,East Buchanan,34
2020-08-28,Stockton,28,El Dorado Springs,44
2020-08-28,Central (Springfield),14,Eldon,54
2020-08-28,Greenfield,12,Forsyth,67
2020-08-28,Ft. Zumwalt East,7,Francis Howell Central,26
2020-08-28,Jefferson (Festus),41,Fredericktown,6
2020-08-28,Jackson,49,Ft. Zumwalt West,13
2020-08-28,West Plains,66,Glendale,44
2020-08-28,Winfield,12,Grandview (Hillsboro),44
2020-08-28,Father Tolton with Calvary Lutheran,0,Hallsville,53
2020-08-28,Lafayette (St. Joseph),26,Harrisonville,28
2020-08-28,Lutheran St. Charles,20,Helias Catholic,31
2020-08-28,Windsor (Imperial),16,Herculaneum,12
2020-08-28,Francis Howell,63,Hickman,21
2020-08-28,Putnam County,19,Highland,49
2020-08-28,Lebanon,34,Hillcrest,13
2020-08-28,Monett,20,Hollister,13
2020-08-28,Webb City,40,Joplin,41
2020-08-28,Fort Osage,21,Kearney,27
2020-08-28,Camdenton,7,Kickapoo,28
2020-08-28,Versailles,7,Knob Noster,46
2020-08-28,Sweet Springs with Malta Bend,40,Knox County,8
2020-08-28,Penney,14,Lafayette County,51
2020-08-28,Blue Springs South,12,Lee's Summit North,17
2020-08-28,Strafford,6,Liberty (Mountain View),16
2020-08-28,Warrenton,6,Liberty (Wentzville),34
2020-08-28,Midway,6,Lincoln,18
2020-08-28,Benton,0,Lincoln College Prep,42
2020-08-28,Nevada,38,Logan-Rogersville,26
2020-08-28,Kirksville,35,Macon,25
2020-08-28,Kennett,64,Malden,8
2020-08-28,Scotland County,14,Marceline,26
2020-08-28,Seneca,34,Marshfield,30
2020-08-28,Blair Oaks,51,Maryville,8
2020-08-28,South Shelby,0,Milan,35
2020-08-28,Hermann,16,Montgomery County,12
2020-08-28,Fair Grove,12,Mountain Grove,28
2020-08-28,Cassville,13,Mt. Vernon,21
2020-08-28,Republic,21,Neosho,0
2020-08-28,Louisiana,22,North Callaway,74
2020-08-28,Farmington,30,North County,14
2020-08-28,Gallatin,58,North Platte,0
2020-08-28,Hillsboro,27,Northwest (Cedar Hill),37
2020-08-28,Bowling Green,19,Oak Grove,47
2020-08-28,Lee's Summit,34,Oak Park,33
2020-08-28,Fulton,36,Osage,63
2020-08-28,St. Francis Borgia,49,Pacific,12
2020-08-28,Lee's Summit West,20,Park Hill,14
2020-08-28,St. Clair,41,Perryville,0
2020-08-28,Lockwood with Golden City,47,Pierce City,20
2020-08-28,Park Hill South,17,Platte County,35
2020-08-28,Marionville,68,Pleasant Hope,13
2020-08-28,Plattsburg,7,Polo,0
2020-08-28,Central (New Madrid County),58,Portageville,0
2020-08-28,Owensville,0,Potosi,12
2020-08-28,Mid-Buchanan,41,Princeton with Mercer,6
2020-08-28,North Kansas City,24,Raytown,21
2020-08-28,Belton,48,Raytown South,0
2020-08-28,East Newton,7,Reeds Spring,41
2020-08-28,Lathrop,6,Richmond,44
2020-08-28,Staley,24,Rock Bridge,26
2020-08-28,Raymore-Peculiar,42,Rockhurst,34
2020-08-28,Bolivar,16,Rolla,8
2020-08-28,Missouri Military Academy,58,Sarcoxie,8
2020-08-28,St. James,2,Salem,27
2020-08-28,Houston,36,Sarcoxie,14
2020-08-28,Excelsior Springs,33,Savannah,21
2020-08-28,Dexter,15,Scott City,18
2020-08-28,DeSoto with Kingston,21,Seckman,49
2020-08-28,Holden,6,Sherwood,20
2020-08-28,Caruthersville,6,Sikeston,17
2020-08-28,Moberly,32,Smith-Cotton,6
2020-08-28,Grain Valley,34,Smithville,24
2020-08-28,Monroe City,34,South Callaway,32
2020-08-28,Odessa,32,Southern Boone,20
2020-08-28,Lamar,56,Springfield Catholic,12
2020-08-28,Orchard Farm,33,St. Charles,6
2020-08-28,St. Charles West,20,St. Dominic,43
2020-08-28,Summit Christian Academy,31,St. Michael the Archangel,13
2020-08-28,Charleston,26,St. Pius X (Festus),45
2020-08-28,Pembroke Hill,24,St. Pius X (Kansas City),47
2020-08-28,Festus,41,Ste. Genevieve,13
2020-08-28,Cuba,27,Sullivan,26
2020-08-28,Hayti,30,Thayer,28
2020-08-28,Fox,35,Timberland,14
2020-08-28,Brookfield,50,Trenton,0
2020-08-28,Grandview,19,Truman,17
2020-08-28,Washington,54,Union,13
2020-08-28,Tipton,34,University Academy Charter,14
2020-08-28,Skyline,0,Valle Catholic,48
2020-08-28,Palmyra,38,Veritas Christian Academy,0
2020-08-28,Lone Jack with Kingsville,11,West Platte,56
2020-08-28,Salisbury,14,Westran,36
2020-08-28,Carl Junction,29,Willard,12
2020-08-28,William Chrisman,17,Winnetonka,42
2020-08-29,Southeast,19,Central (Kansas City),12
2020-08-29,Lexington,36,Hogan Prep Academy Charter,12
2020-08-29,Holt,36,Jefferson City,7
2020-08-29,Ft. Zumwalt South,14,Troy Buchanan,27
2020-09-03,Northeast (Kansas City),6,Van Horn,43
2020-09-04,Hogan Prep Academy Charter,16,Ash Grove,8
2020-09-04,Capital City,12,Battle,52
2020-09-04,Pleasant Hill,42,Benton,6
2020-09-04,Knob Noster,0,Blair Oaks,49
2020-09-04,Holden,2,Boonville,74
2020-09-04,Palmyra,13,Bowling Green,0
2020-09-04,Forsyth,0,Buffalo,49
2020-09-04,Greenfield,6,Cabool,67
2020-09-04,Carthage,21,Carl Junction,20
2020-09-04,Mountain Grove,35,Caruthersville,36
2020-09-04,Marshfield,20,Cassville,22
2020-09-04,Marshall,6,Center,40
2020-09-04,St. Charles West,14,Central (Cape Girardeau),42
2020-09-04,East Prairie,41,Central (New Madrid County),27
2020-09-04,Scott City,26,Central (Park Hills),40
2020-09-04,Hallsville,28,Centralia,34
2020-09-04,Charleston,52,Chaffee,6
2020-09-04,Wellington-Napoleon,6,Crest Ridge,44
2020-09-04,Poplar Bluff,53,DeSoto with Kingston,6
2020-09-04,Sikeston,28,Dexter,21
2020-09-04,Pembroke Hill,42,East (Kansas City),14
2020-09-04,Trenton,0,East Buchanan,35
2020-09-04,Mt. Vernon,49,East Newton,28
2020-09-04,Liberty (Mountain View),38,Fair Grove,58
2020-09-04,Potosi,6,Farmington,10
2020-09-04,Scotland County,12,Fayette,36
2020-09-04,Sullivan,13,Festus,42
2020-09-04,Seckman,7,Fox,34
2020-09-04,North County,41,Francis Howell North,6
2020-09-04,Holt,55,Ft. Zumwalt East,13
2020-09-04,Francis Howell,28,Ft. Zumwalt North,33
2020-09-04,Francis Howell Central,20,Ft. Zumwalt South,42
2020-09-04,California,49,Fulton,0
2020-09-04,Penney,32,Gallatin,26
2020-09-04,Rolla,42,Glendale,29
2020-09-04,Oak Park,6,Grain Valley,36
2020-09-04,Park Hill South,42,Grandview,0
2020-09-04,Crystal City,12,Grandview (Hillsboro),42
2020-09-04,Duchesne,64,Herculaneum,16
2020-09-04,Fredericktown,42,Hermann,18
2020-09-04,Helias Catholic,68,Hickman,18
2020-09-04,Hillsboro,14,Jackson,55
2020-09-04,Cuba,37,Jefferson (Festus),21
2020-09-04,Hannibal,32,Jefferson City,21
2020-09-04,Platte County,35,Kearney,14
2020-09-04,Chillicothe,21,Kirksville,27
2020-09-04,Lawson,0,Lafayette County,38
2020-09-04,Reeds Spring,23,Lamar,27
2020-09-04,Kickapoo,30,Lebanon,26
2020-09-04,Lee's Summit,28,Lee's Summit North,34
2020-09-04,Blue Springs South,21,Lee's Summit West,28
2020-09-04,Central (Kansas City),8,Lexington,42
2020-09-04,Timberland,17,Liberty (Wentzville),14
2020-09-04,Liberty,32,Liberty North,21
2020-09-04,Sarcoxie,32,Lockwood with Golden City,55
2020-09-04,Cole Camp,40,Lone Jack with Kingsville,0
2020-09-04,Montgomery County,40,Louisiana,18
2020-09-04,Ft. Zumwalt West,11,Lutheran St. Charles,30
2020-09-04,Clark County,28,Macon,14
2020-09-04,Kelly,48,Malden,6
2020-09-04,Brookfield,42,Marceline,7
2020-09-04,Harrisonville,40,Maryville,42
2020-09-04,Springfield Catholic,19,McDonald County,35
2020-09-04,Princeton with Mercer,38,Midway,19
2020-09-04,Harrisburg,32,Milan,57
2020-09-04,Pleasant Hope,0,Miller,45
2020-09-04,Osage,18,Moberly,49
2020-09-04,Aurora,22,Monett,7
2020-09-04,Winfield,6,Monroe City,46
2020-09-04,Hollister,6,Nevada,31
2020-09-04,Joplin,34,Nixa,35
2020-09-04,Central (St. Joseph),6,North Kansas City,47
2020-09-04,Clinton,0,Odessa,55
2020-09-04,Eldon,0,Owensville,47
2020-09-04,Branson,16,Ozark,26
2020-09-04,Rockhurst,24,Park Hill,3
2020-09-04,Diamond,0,Pierce City,47
2020-09-04,Hayti,58,Portageville,0
2020-09-04,Blue Springs,20,Raymore-Peculiar,47
2020-09-04,Raytown South,8,Raytown,52
2020-09-04,Willard,8,Republic,27
2020-09-04,Logan-Rogersville,37,Seneca,15
2020-09-04,Butler,61,Sherwood,0
2020-09-04,Stockton,62,Skyline,84
2020-09-04,Polo,14,Slater,15
2020-09-04,Rock Bridge,42,Smith-Cotton,0
2020-09-04,North Callaway,6,South Callaway,21
2020-09-04,West Platte,16,South Harrison,49
2020-09-04,Putnam County,14,South Shelby,12
2020-09-04,Cameron,42,Southeast,0
2020-09-04,Mexico,20,Southern Boone,28
2020-09-04,Northwest (Cedar Hill),27,St. Charles,0
2020-09-04,Salem,14,St. Clair,45
2020-09-04,Veritas Christian Academy,7,St. Dominic,35
2020-09-04,Union,14,St. Francis Borgia,28
2020-09-04,Houston,18,St. James,6
2020-09-04,St. Pius X (Kansas City),21,St. Michael the Archangel,13
2020-09-04,Fort Osage,18,Staley,42
2020-09-04,Ava,20,Strafford,14
2020-09-04,Carrollton,13,Sweet Springs with Malta Bend,14
2020-09-04,Winnetonka,24,Truman,21
2020-09-04,Ste. Genevieve,7,Valle Catholic,42
2020-09-04,Warsaw,42,Versailles,14
2020-09-04,Oak Grove,24,Warrensburg,14
2020-09-04,Troy Buchanan,56,Warrenton,31
2020-09-04,Pacific,0,Washington,35
2020-09-04,Camdenton,31,Waynesville,28
2020-09-04,Neosho,0,Webb City,45
2020-09-04,Hillcrest,26,West Plains,27
2020-09-04,Knox County,22,Westran,36
2020-09-04,Smithville,35,William Chrisman,0
2020-09-04,Marionville,29,Willow Springs,21
2020-09-04,Lincoln,0,Windsor,41
2020-09-04,Perryville,38,Windsor (Imperial),18
2020-09-05,Clopton with Elsberry,51,Mark Twain,34
2020-09-05,Highland,50,Missouri Military Academy,34
2020-09-05,North Platte,0,University Academy Charter,34
2020-09-10,Southeast,13,Van Horn,55
2020-09-11,Knob Noster,12,Adrian,27
2020-09-11,Pleasant Hope,8,Ash Grove,49
2020-09-11,Mountain Grove,0,Ava,14
2020-09-11,Staley,0,Blue Springs,42
2020-09-11,Park Hill,21,Blue Springs South,17
2020-09-11,Lebanon,7,Bolivar,20
2020-09-11,Southern Boone,20,Boonville,14
2020-09-11,Montgomery County,32,Bowling Green,56
2020-09-11,Carl Junction,20,Branson,21
2020-09-11,Centralia,20,Brookfield,0
2020-09-11,Willow Springs,14,Cabool,19
2020-09-11,Blair Oaks,50,California,6
2020-09-11,St. Pius X (Kansas City),42,Cameron,22
2020-09-11,Hickman,52,Capital City,27
2020-09-11,Neosho,7,Carthage,42
2020-09-11,Dexter,20,Central (New Madrid County),40
2020-09-11,Belton,14,Central (St. Joseph),7
2020-09-11,Malden,36,Charleston,12
2020-09-11,Forsyth,49,Clinton,13
2020-09-11,Cole Camp,27,Crest Ridge,34
2020-09-11,Lutheran St. Charles,35,Duchesne,13
2020-09-11,Monett,21,East Newton,20
2020-09-11,Portageville,0,East Prairie,46
2020-09-11,Buffalo,33,El Dorado Springs,16
2020-09-11,Skyline,47,Fair Grove,12
2020-09-11,Sikeston,7,Farmington,25
2020-09-11,Missouri Military Academy,12,Father Tolton with Calvary Lutheran,28
2020-09-11,Slater,42,Fayette,26
2020-09-11,North Kansas City,14,Fort Osage,19
2020-09-11,St. Francis Borgia,20,Fox,25
2020-09-11,Francis Howell North,7,Francis Howell Central,20
2020-09-11,St. Charles West,35,Ft. Zumwalt East,12
2020-09-11,Timberland,21,Ft. Zumwalt North,41
2020-09-11,Diamond,46,Greenfield,8
2020-09-11,Ft. Zumwalt West,21,Hannibal,41
2020-09-11,Battle,19,Helias Catholic,41
2020-09-11,Jefferson (Festus),54,Herculaneum,0
2020-09-11,Clark County,26,Highland,14
2020-09-11,Glendale,38,Hillcrest,12
2020-09-11,Central (Cape Girardeau),20,Hillsboro,47
2020-09-11,Seneca,12,Hollister,14
2020-09-11,Ft. Zumwalt South,21,Holt,42
2020-09-11,Poplar Bluff,7,Jackson,56
2020-09-11,Ozark,51,Joplin,43
2020-09-11,Chaffee,6,Kelly,48
2020-09-11,Ste. Genevieve,13,Kennett,49
2020-09-11,Waynesville,18,Kickapoo,38
2020-09-11,Benton,6,Lafayette (St. Joseph),13
2020-09-11,Sherwood,0,Lafayette County,62
2020-09-11,Mid-Buchanan,47,Lawson,7
2020-09-11,Lee's Summit West,47,Lee's Summit,6
2020-09-11,Lee's Summit North,35,Liberty,38
2020-09-11,Thayer,27,Liberty (Mountain View),0
2020-09-11,Raymore-Peculiar,35,Liberty North,32
2020-09-11,Tipton,43,Lincoln,15
2020-09-11,Aurora,6,Logan-Rogersville,28
2020-09-11,Carrollton,33,Lone Jack with Kingsville,6
2020-09-11,South Callaway,55,Louisiana,12
2020-09-11,Lockwood with Golden City,20,Marionville,35
2020-09-11,Odessa,35,Marshall,0
2020-09-11,Chillicothe,7,Maryville,62
2020-09-11,Lamar,41,McDonald County,42
2020-09-11,Reeds Spring,10,Mt. Vernon,28
2020-09-11,Cassville,47,Nevada,28
2020-09-11,DeSoto with Kingston,0,North County,62
2020-09-11,Penney,48,North Platte,13
2020-09-11,Central (Kansas City),50,Northeast (Kansas City),0
2020-09-11,Central (Park Hills),35,Northwest (Cedar Hill),14
2020-09-11,Center,22,Oak Grove,28
2020-09-11,Truman,10,Oak Park,27
2020-09-11,Mexico,60,Orchard Farm,34
2020-09-11,Eldon,26,Osage,41
2020-09-11,Cuba,8,Owensville,49
2020-09-11,Hallsville,16,Palmyra,51
2020-09-11,Grain Valley,35,Park Hill South,28
2020-09-11,Grandview,12,Platte County,35
2020-09-11,Harrisonville,45,Pleasant Hill,14
2020-09-11,Fredericktown,6,Potosi,28
2020-09-11,Milan,32,Putnam County,0
2020-09-11,Webb City,49,Republic,28
2020-09-11,Jefferson City,21,Rock Bridge,23
2020-09-11,West Plains,43,Rolla,7
2020-09-11,East (Kansas City),12,Ruskin,22
2020-09-11,Houston,14,Salem,20
2020-09-11,Harrisburg,36,Salisbury,0
2020-09-11,Pierce City,43,Sarcoxie,24
2020-09-11,Hayti,62,Scott City,43
2020-09-11,Kearney,10,Smithville,28
2020-09-11,Gallatin,0,South Harrison,48
2020-09-11,Monroe City,62,South Shelby,14
2020-09-11,Marshfield,49,Springfield Catholic,39
2020-09-11,St. Dominic,48,St. Charles,0
2020-09-11,Hermann,22,St. James,15
2020-09-11,Grandview (Hillsboro),16,St. Pius X (Festus),41
2020-09-11,Butler,49,Stockton,7
2020-09-11,Miller,6,Strafford,53
2020-09-11,Hogan Prep Academy Charter,0,Summit Christian Academy,38
2020-09-11,Sarcoxie,0,Sweet Springs with Malta Bend,42
2020-09-11,Sullivan,0,Union,14
2020-09-11,St. Vincent,7,Valle Catholic,63
2020-09-11,Smith-Cotton,16,Warrensburg,35
2020-09-11,Warrenton,7,Washington,30
2020-09-11,Lexington,36,Wellington-Napoleon,0
2020-09-11,Plattsburg,0,West Platte,36
2020-09-11,Nixa,42,Willard,6
2020-09-11,Raytown,48,William Chrisman,22
2020-09-11,University Academy Charter,0,Windsor,42
2020-09-11,Festus,49,Windsor (Imperial),13
2020-09-11,Wright City,21,Winfield,14
2020-09-11,Raytown South,36,Winnetonka,66
2020-09-12,Moberly,42,Excelsior Springs,7
2020-09-12,Veritas Christian Academy,26,Kirksville,43
2020-09-12,Marceline,43,Knox County,8
2020-09-12,Van-Far with Community,6,Mark Twain,8
2020-09-12,Fulton,7,Richmond,42
2020-09-12,Liberty (Wentzville),12,Troy Buchanan,10
2020-09-18,El Dorado Springs,18,Adrian,27
2020-09-18,Pierce City,42,Ash Grove,35
2020-09-18,Mt. Vernon,19,Aurora,6
2020-09-18,Liberty (Mountain View),26,Ava,18
2020-09-18,Oak Park,7,Belton,35
2020-09-18,Central (Kansas City),14,Benton,20
2020-09-18,Boonville,7,Blair Oaks,51
2020-09-18,Park Hill,21,Blue Springs,24
2020-09-18,Palmyra,24,Brookfield,6
2020-09-18,Cole Camp,7,Butler,41
2020-09-18,Osage,13,California,43
2020-09-18,Joplin,49,Carl Junction,28
2020-09-18,Salisbury,13,Carrollton,47
2020-09-18,Excelsior Springs,18,Center,22
2020-09-18,Jackson,63,Central (Cape Girardeau),0
2020-09-18,Cameron,48,Chillicothe,21
2020-09-18,South Shelby,0,Clark County,50
2020-09-18,Louisiana,6,Clopton with Elsberry,27
2020-09-18,Father Tolton with Calvary Lutheran,20,Crest Ridge,52
2020-09-18,Central (Park Hills),45,Cuba,12
2020-09-18,East Prairie,25,Dexter,15
2020-09-18,Lincoln College Prep,56,East (Kansas City),0
2020-09-18,Marceline,27,Fayette,0
2020-09-18,DeSoto with Kingston,13,Festus,36
2020-09-18,Fair Grove,36,Forsyth,20
2020-09-18,Northwest (Cedar Hill),0,Fox,26
2020-09-18,Ft. Zumwalt East,27,Francis Howell North,14
2020-09-18,Washington,7,Ft. Zumwalt North,42
2020-09-18,Liberty (Wentzville),25,Ft. Zumwalt South,28
2020-09-18,Francis Howell,42,Ft. Zumwalt West,7
2020-09-18,Hannibal,56,Fulton,19
2020-09-18,Polo,27,Gallatin,48
2020-09-18,Bolivar,15,Glendale,20
2020-09-18,Westran,24,Harrisburg,22
2020-09-18,Warrensburg,42,Harrisonville,0
2020-09-18,St. Francis Borgia,28,Helias Catholic,49
2020-09-18,Lutheran St. Charles,30,Hermann,0
2020-09-18,Rolla,35,Hillcrest,30
2020-09-18,North County,14,Hillsboro,36
2020-09-18,Smith-Cotton,6,Jefferson City,27
2020-09-18,Ruskin,20,Kearney,70
2020-09-18,Northeast (Kansas City),6,Knob Noster,42
2020-09-18,Summit Christian Academy,28,Lafayette County,31
2020-09-18,Nevada,28,Lamar,44
2020-09-18,Mid-Buchanan,42,Lathrop,6
2020-09-18,Waynesville,20,Lebanon,55
2020-09-18,Central (St. Joseph),8,Lee's Summit,22
2020-09-18,Lee's Summit West,20,Liberty,38
2020-09-18,Lincoln,0,Lockwood with Golden City,59
2020-09-18,Cassville,43,Logan-Rogersville,6
2020-09-18,Greenfield,0,Marionville,85
2020-09-18,Hollister,27,Marshfield,24
2020-09-18,Marshall,20,Mexico,28
2020-09-18,Princeton with Mercer,8,Milan,39
2020-09-18,Kirksville,0,Moberly,27
2020-09-18,McDonald County,13,Monett,7
2020-09-18,Centralia,18,Monroe City,0
2020-09-18,South Callaway,20,Montgomery County,41
2020-09-18,Willow Springs,0,Mountain Grove,20
2020-09-18,Branson,49,Neosho,15
2020-09-18,Republic,7,Nixa,35
2020-09-18,Oak Grove,6,Odessa,42
2020-09-18,St. James,0,Owensville,48
2020-09-18,Willard,14,Ozark,42
2020-09-18,Union,41,Pacific,40
2020-09-18,William Chrisman,0,Park Hill South,42
2020-09-18,East Buchanan,60,Penney,36
2020-09-18,Malden,30,Perryville,35
2020-09-18,North Kansas City,42,Platte County,37
2020-09-18,North Platte,0,Plattsburg,29
2020-09-18,Scott City,42,Portageville,13
2020-09-18,Hallsville,46,Putnam County,0
2020-09-18,Lee's Summit North,7,Raymore-Peculiar,27
2020-09-18,Fort Osage,14,Raytown,52
2020-09-18,Smithville,56,Raytown South,0
2020-09-18,Southern Boone,38,Richmond,24
2020-09-18,Capital City,49,Rock Bridge,76
2020-09-18,Blue Springs South,14,Rockhurst,36
2020-09-18,Lafayette (St. Joseph),21,Savannah,23
2020-09-18,Highland,32,Scotland County,26
2020-09-18,East Newton,26,Seneca,13
2020-09-18,Poplar Bluff,30,Sikeston,9
2020-09-18,Slater,7,Skyline,48
2020-09-18,Lexington,22,Southeast,6
2020-09-18,Winfield,13,St. Charles West,55
2020-09-18,Farmington,29,St. Dominic,28
2020-09-18,Kennett,46,St. Pius X (Festus),0
2020-09-18,Maryville,14,St. Pius X (Kansas City),26
2020-09-18,Liberty North,41,Staley,13
2020-09-18,Potosi,7,Ste. Genevieve,42
2020-09-18,Buffalo,47,Stockton,12
2020-09-18,Clever,7,Strafford,34
2020-09-18,Salem,6,Thayer,48
2020-09-18,Holt,48,Timberland,17
2020-09-18,Warsaw,52,Tipton,28
2020-09-18,Grain Valley,38,Truman,0
2020-09-18,Orchard Farm,0,Valle Catholic,67
2020-09-18,North Callaway,45,Van-Far with Community,0
2020-09-18,Duchesne,32,Veritas Christian Academy,31
2020-09-18,St. Charles,20,Warrenton,37
2020-09-18,Kickapoo,10,Webb City,38
2020-09-18,Lone Jack with Kingsville,6,Wellington-Napoleon,45
2020-09-18,Camdenton,6,West Plains,28
2020-09-18,Lawson,10,West Platte,6
2020-09-18,Cabool,0,Windsor,26
2020-09-18,Grandview,6,Winnetonka,44
2020-09-18,Bowling Green,54,Wright City,0
2020-09-19,Van Horn,21,Hogan Prep Academy Charter,28
2020-09-19,St. Vincent,28,Kelly,14
2020-09-19,Mark Twain,14,Missouri Military Academy,23
2020-09-19,Grandview (Hillsboro),12,Sarcoxie,8
2020-09-19,Francis Howell Central,6,Troy Buchanan,29
2020-09-24,William Chrisman,21,Truman,10
2020-09-24,Lincoln College Prep,55,Van Horn,7
2020-09-25,Buffalo,35,Aurora,36
2020-09-25,Liberty,42,Blue Springs South,13
2020-09-25,California,21,Boonville,14
2020-09-25,Mark Twain,0,Bowling Green,35
2020-09-25,Lincoln,6,Butler,61
2020-09-25,Mountain Grove,12,Cabool,26
2020-09-25,Bolivar,38,Camdenton,26
2020-09-25,Maryville,27,Cameron,7
2020-09-25,Jefferson City,36,Capital City,0
2020-09-25,Branson,10,Carthage,33
2020-09-25,Lamar,40,Cassville,20
2020-09-25,Potosi,6,Central (Park Hills),33
2020-09-25,Sarcoxie,55,Central (Springfield),20
2020-09-25,Clark County,6,Centralia,44
2020-09-25,Wellington-Napoleon,24,Cole Camp,14
2020-09-25,St. James,18,Cuba,28
2020-09-25,Marionville,51,Diamond,21
2020-09-25,St. Charles,0,Duchesne,38
2020-09-25,Southeast,26,East (Kansas City),22
2020-09-25,West Platte,14,East Buchanan,46
2020-09-25,Kennett,51,East Prairie,6
2020-09-25,Harrisonville,39,Excelsior Springs,13
2020-09-25,Stockton,32,Fair Grove,58
2020-09-25,Central (Cape Girardeau),14,Farmington,37
2020-09-25,Hillsboro,26,Festus,41
2020-09-25,Skyline,46,Forsyth,6
2020-09-25,Belton,34,Fort Osage,7
2020-09-25,Troy Buchanan,28,Francis Howell,57
2020-09-25,Ft. Zumwalt North,74,Ft. Zumwalt East,12
2020-09-25,Washington,21,Ft. Zumwalt South,7
2020-09-25,Holt,48,Ft. Zumwalt West,28
2020-09-25,Moberly,50,Fulton,12
2020-09-25,Kearney,14,Grain Valley,38
2020-09-25,Raytown South,6,Grandview,51
2020-09-25,Osage,50,Hallsville,78
2020-09-25,Mexico,13,Hannibal,34
2020-09-25,Knox County,8,Harrisburg,42
2020-09-25,Central (New Madrid County),38,Hayti,64
2020-09-25,Rock Bridge,24,Helias Catholic,56
2020-09-25,Reeds Spring,24,Hollister,18
2020-09-25,Crystal City,0,Kelly,49
2020-09-25,West Plains,28,Kickapoo,0
2020-09-25,Richmond,54,Lafayette County,34
2020-09-25,Plattsburg,8,Lawson,35
2020-09-25,Glendale,20,Lebanon,57
2020-09-25,Raymore-Peculiar,27,Lee's Summit West,34
2020-09-25,Holden,0,Lexington,50
2020-09-25,Francis Howell North,7,Liberty (Wentzville),48
2020-09-25,Blue Springs,7,Liberty North,42
2020-09-25,Van-Far with Community,28,Louisiana,35
2020-09-25,Father Tolton with Calvary Lutheran,0,Lutheran St. Charles,70
2020-09-25,Brookfield,20,Macon,22
2020-09-25,Scott City,54,Malden,21
2020-09-25,Kirksville,20,Marshall,7
2020-09-25,East Newton,7,Marshfield,41
2020-09-25,Ash Grove,42,Miller,0
2020-09-25,Wright City,0,Montgomery County,37
2020-09-25,Logan-Rogersville,29,Mt. Vernon,23
2020-09-25,Monett,7,Nevada,20
2020-09-25,Neosho,0,Nixa,51
2020-09-25,Strafford,14,North Callaway,22
2020-09-25,Staley,25,North Kansas City,22
2020-09-25,Mid-Buchanan,69,North Platte,7
2020-09-25,Clinton,20,Oak Grove,68
2020-09-25,Park Hill South,13,Oak Park,7
2020-09-25,Hermann,14,Owensville,27
2020-09-25,Monroe City,20,Palmyra,30
2020-09-25,Lee's Summit,17,Park Hill,45
2020-09-25,Lathrop,16,Penney,40
2020-09-25,St. Vincent,21,Perryville,7
2020-09-25,Clever,31,Pierce City,34
2020-09-25,Odessa,56,Pleasant Hill,12
2020-09-25,Windsor (Imperial),35,Portageville,14
2020-09-25,Putnam County,6,Princeton with Mercer,38
2020-09-25,Ozark,35,Republic,28
2020-09-25,Winnetonka,62,Ruskin,20
2020-09-25,Ava,22,Salem,14
2020-09-25,Scotland County,58,Salisbury,6
2020-09-25,Central (St. Joseph),0,Savannah,11
2020-09-25,Northwest (Cedar Hill),48,Seckman,28
2020-09-25,Jackson,71,Sikeston,0
2020-09-25,Windsor,54,Slater,18
2020-09-25,Hickman,26,Smith-Cotton,16
2020-09-25,Platte County,28,Smithville,7
2020-09-25,Clopton with Elsberry,20,South Callaway,54
2020-09-25,Polo,0,South Harrison,38
2020-09-25,Carrollton,35,South Shelby,26
2020-09-25,Eldon,20,Southern Boone,54
2020-09-25,Union,0,St. Clair,35
2020-09-25,Fox,42,St. Dominic,10
2020-09-25,Veritas Christian Academy,34,St. Francis Borgia,26
2020-09-25,Chillicothe,27,St. Pius X (Kansas City),42
2020-09-25,St. Pius X (Festus),28,Ste. Genevieve,59
2020-09-25,Pacific,26,Sullivan,21
2020-09-25,El Dorado Springs,6,Summit Christian Academy,43
2020-09-25,Lone Jack with Kingsville,6,Tipton,50
2020-09-25,Milan,43,Trenton,6
2020-09-25,Blair Oaks,28,Valle Catholic,35
2020-09-25,Center,14,Warrensburg,30
2020-09-25,St. Charles West,20,Warrenton,35
2020-09-25,Hillcrest,27,Waynesville,31
2020-09-25,Carl Junction,14,Webb City,28
2020-09-25,Fayette,12,Westran,28
2020-09-25,Joplin,20,Willard,32
2020-09-25,Truman,10,William Chrisman,21
2020-09-25,Liberty (Mountain View),20,Willow Springs,13
2020-09-25,Orchard Farm,34,Winfield,10
2020-09-26,Sarcoxie,14,Hogan Prep Academy Charter,58
2020-09-26,Central (Kansas City),20,St. Michael the Archangel,49
2020-09-26,Pembroke Hill,17,University Academy Charter,14
2020-09-28,Midway,22,Crest Ridge,26
2020-10-02,Crest Ridge,14,Adrian,41
2020-10-02,Lockwood with Golden City,47,Ash Grove,6
2020-10-02,Hollister,14,Aurora,22
2020-10-02,Houston,8,Ava,22
2020-10-02,Waynesville,37,Bolivar,33
2020-10-02,Webb City,35,Branson,7
2020-10-02,Butler,46,Buffalo,20
2020-10-02,Helias Catholic,51,Capital City,6
2020-10-02,Sikeston,19,Central (Cape Girardeau),28
2020-10-02,Ste. Genevieve,26,Central (Park Hills),31
2020-10-02,Oak Park,46,Central (St. Joseph),24
2020-10-02,Portageville,50,Chaffee,32
2020-10-02,Palmyra,15,Clark County,14
2020-10-02,Skyline,65,Clever,14
2020-10-02,Montgomery County,42,Clopton with Elsberry,7
2020-10-02,Tipton,12,Cole Camp,13
2020-10-02,Malden,47,Crystal City,0
2020-10-02,Centralia,50,Cuba,12
2020-10-02,Central (Kansas City),22,East (Kansas City),30
2020-10-02,Lexington,50,El Dorado Springs,20
2020-10-02,Blair Oaks,69,Eldon,6
2020-10-02,Clinton,0,Excelsior Springs,45
2020-10-02,North County,35,Festus,39
2020-10-02,Grain Valley,35,Fort Osage,0
2020-10-02,Jackson,59,Fox,21
2020-10-02,Ft. Zumwalt South,28,Ft. Zumwalt East,21
2020-10-02,Francis Howell North,13,Ft. Zumwalt North,56
2020-10-02,Rockwood Summit,34,Ft. Zumwalt West,14
2020-10-02,Smithville,27,Grandview,12
2020-10-02,Marshall,26,Hallsville,28
2020-10-02,Charleston,6,Hayti,70
2020-10-02,Grandview (Hillsboro),14,Herculaneum,12
2020-10-02,Sullivan,41,Hermann,7
2020-10-02,Jefferson City,17,Hickman,14
2020-10-02,Camdenton,38,Hillcrest,14
2020-10-02,Lafayette County,44,Holden,0
2020-10-02,Francis Howell,56,Holt,28
2020-10-02,Valle Catholic,47,Jefferson (Festus),13
2020-10-02,Republic,14,Joplin,41
2020-10-02,Winnetonka,20,Kearney,16
2020-10-02,Central (New Madrid County),25,Kennett,43
2020-10-02,Hannibal,47,Kirksville,14
2020-10-02,Salisbury,12,Knox County,40
2020-10-02,Chillicothe,7,Lafayette (St. Joseph),33
2020-10-02,West Platte,32,Lathrop,19
2020-10-02,North Platte,14,Lawson,42
2020-10-02,Blue Springs,35,Lee's Summit North,38
2020-10-02,Rockhurst,24,Lee's Summit West,27
2020-10-02,Mountain Grove,21,Liberty (Mountain View),22
2020-10-02,Slater,35,Lincoln,42
2020-10-02,Pembroke Hill,14,Lincoln College Prep,34
2020-10-02,Northwest (Cedar Hill),20,Lindbergh,41
2020-10-02,Pierce City,20,Marionville,44
2020-10-02,Wright City,16,Mark Twain,36
2020-10-02,Harrisonville,28,McDonald County,14
2020-10-02,Fulton,28,Mexico,49
2020-10-02,Penney,6,Mid-Buchanan,63
2020-10-02,Lone Jack with Kingsville,0,Midway,41
2020-10-02,Gallatin,20,Milan,43
2020-10-02,Sarcoxie,46,Miller,0
2020-10-02,Louisiana,34,Missouri Military Academy,47
2020-10-02,Battle,37,Moberly,36
2020-10-02,Cassville,50,Monett,0
2020-10-02,Brookfield,12,Monroe City,26
2020-10-02,Lamar,33,Mt. Vernon,0
2020-10-02,Carl Junction,41,Neosho,6
2020-10-02,Bowling Green,30,North Callaway,23
2020-10-02,Lee's Summit,20,North Kansas City,36
2020-10-02,Maryville,14,Odessa,28
2020-10-02,Boonville,55,Osage,31
2020-10-02,Nixa,35,Ozark,7
2020-10-02,Owensville,46,Pacific,28
2020-10-02,Liberty North,21,Park Hill,14
2020-10-02,Ruskin,7,Platte County,56
2020-10-02,East Buchanan,42,Plattsburg,16
2020-10-02,Oak Grove,29,Pleasant Hill,28
2020-10-02,Trenton,14,Polo,27
2020-10-02,Farmington,31,Poplar Bluff,28
2020-10-02,Perryville,15,Potosi,56
2020-10-02,South Harrison,62,Putnam County,14
2020-10-02,Blue Springs South,9,Raymore-Peculiar,28
2020-10-02,Belton,22,Raytown,6
2020-10-02,Marshfield,43,Reeds Spring,25
2020-10-02,Carrollton,6,Richmond,44
2020-10-02,Liberty,52,Rock Bridge,28
2020-10-02,Harrisburg,72,Sarcoxie,28
2020-10-02,Cameron,14,Savannah,69
2020-10-02,Westran,26,Scotland County,12
2020-10-02,Kelly,20,Scott City,6
2020-10-02,Nevada,26,Seneca,27
2020-10-02,Van-Far with Community,12,South Callaway,62
2020-10-02,Macon,50,South Shelby,0
2020-10-02,Winfield,21,St. Charles,28
2020-10-02,Orchard Farm,50,St. Charles West,62
2020-10-02,Vianney,7,St. Dominic,31
2020-10-02,St. Clair,49,St. James,0
2020-10-02,Fredericktown,26,St. Vincent,43
2020-10-02,Park Hill South,28,Staley,14
2020-10-02,Forsyth,56,Stockton,16
2020-10-02,Fair Grove,36,Strafford,20
2020-10-02,University Academy Charter,0,Summit Christian Academy,41
2020-10-02,Cabool,0,Thayer,27
2020-10-02,Troy Buchanan,15,Timberland,21
2020-10-02,Warrenton,17,Union,35
2020-10-02,William Chrisman,37,Van Horn,42
2020-10-02,California,43,Versailles,7
2020-10-02,Liberty (Wentzville),21,Washington,28
2020-10-02,Lebanon,14,West Plains,63
2020-10-02,Carthage,42,Willard,7
2020-10-02,Salem,27,Willow Springs,12
2020-10-02,Sherwood,8,Windsor,55
2020-10-02,Hillsboro,64,Windsor (Imperial),42
2020-10-03,Christian Brothers College,42,Eureka,14
2020-10-03,Marquette,41,Lafayette (Wildwood),7
2020-10-03,Parkway South,23,Parkway Central,15
2020-10-03,Seckman,21,Parkway North,13
2020-10-03,Lutheran North,34,Parkway West,6
2020-10-03,Diamond,14,St. Michael the Archangel,56
2020-10-03,Lutheran South,28,Veritas Christian Academy,49
2020-10-09,Truman,14,Belton,28
2020-10-09,Hallsville,16,Blair Oaks,55
2020-10-09,Lee's Summit West,36,Blue Springs,43
2020-10-09,Fort Osage,14,Blue Springs South,38
2020-10-09,Hillcrest,0,Bolivar,41
2020-10-09,Centralia,24,Bowling Green,22
2020-10-09,Willard,14,Branson,48
2020-10-09,Eldon,13,California,59
2020-10-09,Lebanon,52,Camdenton,38
2020-10-09,Lafayette (St. Joseph),33,Cameron,34
2020-10-09,Republic,21,Carl Junction,28
2020-10-09,Lexington,42,Carrollton,22
2020-10-09,Joplin,20,Carthage,41
2020-10-09,Seneca,21,Cassville,42
2020-10-09,Vianney,0,Chaminade College Prep,41
2020-10-09,Savannah,37,Chillicothe,8
2020-10-09,Affton,14,Clayton,17
2020-10-09,Harrisonville,71,Clinton,14
2020-10-09,Herculaneum,38,Crystal City,20
2020-10-09,Hillsboro,54,DeSoto with Kingston,34
2020-10-09,Kennett,50,Dexter,13
2020-10-09,Westminster Christian Academy,13,Duchesne,35
2020-10-09,Mid-Buchanan,49,East Buchanan,21
2020-10-09,Sherwood,15,El Dorado Springs,49
2020-10-09,Lindbergh,7,Eureka,21
2020-10-09,Buffalo,44,Fair Grove,30
2020-10-09,Strafford,34,Forsyth,48
2020-10-09,Cardinal Ritter,14,Francis Howell,38
2020-10-09,Washington,49,Francis Howell North,6
2020-10-09,Central (Park Hills),61,Fredericktown,7
2020-10-09,Ft. Zumwalt North,18,Ft. Zumwalt South,14
2020-10-09,Marshall,59,Fulton,21
2020-10-09,Putnam County,8,Gallatin,48
2020-10-09,Kickapoo,17,Glendale,20
2020-10-09,William Chrisman,22,Grain Valley,53
2020-10-09,Jefferson (Festus),42,Grandview (Hillsboro),0
2020-10-09,Moberly,14,Hannibal,13
2020-10-09,Fayette,20,Harrisburg,30
2020-10-09,Logan-Rogersville,23,Hollister,20
2020-10-09,Farmington,14,Jackson,56
2020-10-09,Helias Catholic,28,Jefferson City,0
2020-10-09,Hayti,32,Kelly,12
2020-10-09,Ladue Horton Watkins,38,Lafayette (Wildwood),44
2020-10-09,Knob Noster,0,Lafayette County,62
2020-10-09,Lawson,14,Lathrop,12
2020-10-09,Raytown,40,Lee's Summit,35
2020-10-09,Park Hill,21,Liberty,24
2020-10-09,Cabool,6,Liberty (Mountain View),14
2020-10-09,Ft. Zumwalt East,27,Liberty (Wentzville),26
2020-10-09,Lee's Summit North,17,Liberty North,28
2020-10-09,Crest Ridge,14,Lincoln,28
2020-10-09,Maryville,49,Lincoln College Prep,10
2020-10-09,Miller,0,Lockwood with Golden City,49
2020-10-09,Adrian,53,Lone Jack with Kingsville,0
2020-10-09,MICDS,49,Lutheran South,14
2020-10-09,Monroe City,30,Macon,7
2020-10-09,Sarcoxie,12,Marionville,48
2020-10-09,Kirkwood,34,Marquette,35
2020-10-09,Aurora,40,Marshfield,13
2020-10-09,Kirksville,21,Mexico,22
2020-10-09,Houston,14,Midway,7
2020-10-09,Mark Twain,14,Montgomery County,48
2020-10-09,Salem,21,Mountain Grove,14
2020-10-09,Ozark,31,Neosho,7
2020-10-09,East Newton,7,Nevada,52
2020-10-09,Windsor (Imperial),20,North County,56
2020-10-09,East (Kansas City),42,Northeast (Kansas City),0
2020-10-09,Parkway South,21,Northwest (Cedar Hill),28
2020-10-09,Mehlville,24,Oakville,21
2020-10-09,St. Charles,8,Orchard Farm,30
2020-10-09,Veritas Christian Academy,48,Osage,21
2020-10-09,Union,13,Owensville,53
2020-10-09,Festus,40,Pacific,24
2020-10-09,Highland,6,Palmyra,47
2020-10-09,North Kansas City,24,Park Hill South,28
2020-10-09,Parkway Central,14,Parkway North,12
2020-10-09,Rockwood Summit,17,Parkway West,12
2020-10-09,Ste. Genevieve,41,Perryville,0
2020-10-09,Penney,41,Plattsburg,14
2020-10-09,Diamond,49,Pleasant Hope,12
2020-10-09,Princeton with Mercer,36,Polo,6
2020-10-09,Central (Cape Girardeau),27,Poplar Bluff,50
2020-10-09,Malden,14,Portageville,24
2020-10-09,Sikeston,25,Potosi,39
2020-10-09,Hickman,0,Raymore-Peculiar,56
2020-10-09,Kearney,40,Reeds Spring,14
2020-10-09,Holden,7,Richmond,46
2020-10-09,Grandview,48,Ruskin,6
2020-10-09,Marceline,61,Salisbury,14
2020-10-09,Knox County,28,Scotland County,36
2020-10-09,Chaffee,6,Scott City,47
2020-10-09,Cuba,22,South Callaway,29
2020-10-09,Milan,7,South Harrison,26
2020-10-09,Mt. Vernon,0,Springfield Catholic,6
2020-10-09,Hermann,0,St. Clair,42
2020-10-09,St. Dominic,9,St. Francis Borgia,30
2020-10-09,Sullivan,6,St. James,12
2020-10-09,SLUH,24,St. Mary's South Side,40
2020-10-09,Southeast,28,St. Michael the Archangel,51
2020-10-09,St. Vincent,28,St. Pius X (Festus),21
2020-10-09,Benton,7,St. Pius X (Kansas City),47
2020-10-09,Oak Park,6,Staley,45
2020-10-09,Clever,35,Stockton,32
2020-10-09,Van Horn,7,Summit Christian Academy,28
2020-10-09,Ava,6,Thayer,43
2020-10-09,Slater,48,Tipton,28
2020-10-09,Lutheran North,34,Trinity Catholic,7
2020-10-09,Holt,44,Troy Buchanan,7
2020-10-09,Central (New Madrid County),18,Valle Catholic,62
2020-10-09,Clopton with Elsberry,20,Van-Far with Community,40
2020-10-09,Boonville,54,Versailles,6
2020-10-09,Rolla,34,Waynesville,20
2020-10-09,Nixa,0,Webb City,28
2020-10-09,North Platte,20,West Platte,48
2020-10-09,Father Tolton with Calvary Lutheran,8,Westran,46
2020-10-09,Cole Camp,3,Windsor,43
2020-10-09,Warrenton,34,Winfield,0
2020-10-09,Platte County,34,Winnetonka,20
2020-10-09,North Callaway,35,Wright City,6
2020-10-10,Smith-Cotton,9,Battle,49
2020-10-10,University Academy Charter,16,Central (Kansas City),18
2020-10-10,De Smet Jesuit,41,Christian Brothers College,21
2020-10-10,Timberland,12,Ft. Zumwalt West,31
2020-10-10,Central (Springfield),12,Missouri Military Academy,27
2020-10-10,John Burroughs,48,Priory,21
2020-10-10,Pleasant Hill,10,Warrensburg,41
2020-10-16,Northwest (Cedar Hill),56,Affton,7
2020-10-16,Marionville,38,Ash Grove,28
2020-10-16,Reeds Spring,20,Aurora,22
2020-10-16,William Chrisman,12,Belton,38
2020-10-16,Cameron,42,Benton,0
2020-10-16,Blue Springs,28,Blue Springs South,13
2020-10-16,Kickapoo,14,Bolivar,34
2020-10-16,South Callaway,14,Bowling Green,55
2020-10-16,Central (Springfield),13,Buffalo,55
2020-10-16,Ava,18,Cabool,34
2020-10-16,Glendale,32,Camdenton,48
2020-10-16,Jackson,56,Cardinal Ritter,32
2020-10-16,St. Clair,35,Central (Cape Girardeau),7
2020-10-16,Seckman,35,Central (Park Hills),33
2020-10-16,Staley,48,Central (St. Joseph),0
2020-10-16,Macon,18,Centralia,34
2020-10-16,Jefferson (Festus),50,Chaffee,6
2020-10-16,East (Kansas City),14,Chillicothe,33
2020-10-16,Fair Grove,69,Clever,19
2020-10-16,Warrensburg,69,Clinton,7
2020-10-16,Lone Jack with Kingsville,0,Crest Ridge,52
2020-10-16,Father Tolton with Calvary Lutheran,14,Cuba,43
2020-10-16,Perryville,7,Dexter,35
2020-10-16,Winfield,0,Duchesne,49
2020-10-16,Cassville,42,East Newton,0
2020-10-16,Caruthersville,26,East Prairie,40
2020-10-16,Odessa,47,Excelsior Springs,0
2020-10-16,Festus,7,Farmington,10
2020-10-16,Salisbury,12,Fayette,63
2020-10-16,Truman,20,Fort Osage,29
2020-10-16,DeSoto with Kingston,7,Fox,49
2020-10-16,Timberland,13,Francis Howell,41
2020-10-16,Ft. Zumwalt South,44,Francis Howell North,7
2020-10-16,Potosi,34,Fredericktown,18
2020-10-16,Liberty (Wentzville),6,Ft. Zumwalt North,55
2020-10-16,Lockwood with Golden City,56,Greenfield,0
2020-10-16,California,21,Hallsville,50
2020-10-16,Winnetonka,41,Harrisonville,75
2020-10-16,Smith-Cotton,3,Helias Catholic,45
2020-10-16,Monroe City,52,Hermann,32
2020-10-16,Brookfield,32,Highland,14
2020-10-16,St. Francis Borgia,35,Hillsboro,8
2020-10-16,Carrollton,42,Holden,14
2020-10-16,Francis Howell Central,0,Holt,42
2020-10-16,Battle,39,Jefferson City,21
2020-10-16,Branson,24,Joplin,45
2020-10-16,Portageville,0,Kelly,42
2020-10-16,Poplar Bluff,19,Kennett,41
2020-10-16,Fulton,0,Kirksville,33
2020-10-16,Ladue Horton Watkins,7,Kirkwood,20
2020-10-16,Richmond,42,Knob Noster,0
2020-10-16,East Buchanan,12,Lawson,13
2020-10-16,Rolla,41,Lebanon,48
2020-10-16,Park Hill South,37,Lee's Summit,34
2020-10-16,Liberty North,22,Lee's Summit West,15
2020-10-16,Lafayette County,25,Lexington,36
2020-10-16,Raymore-Peculiar,35,Liberty,7
2020-10-16,Marshfield,14,Logan-Rogersville,28
2020-10-16,Wright City,55,Louisiana,20
2020-10-16,St. Mary's South Side,20,Lutheran North,33
2020-10-16,Hayti,58,Malden,6
2020-10-16,Westran,6,Marceline,45
2020-10-16,Hannibal,48,Marshall,14
2020-10-16,Nevada,14,McDonald County,13
2020-10-16,Adrian,40,Midway,6
2020-10-16,Polo,3,Milan,49
2020-10-16,Crystal City,28,Missouri Military Academy,64
2020-10-16,Mexico,21,Moberly,28
2020-10-16,Houston,0,Mountain Grove,27
2020-10-16,Hollister,20,Mt. Vernon,13
2020-10-16,Carl Junction,0,Nixa,49
2020-10-16,Mark Twain,12,North Callaway,47
2020-10-16,Lathrop,43,North Platte,27
2020-10-16,North Kansas City,28,Oak Park,27
2020-10-16,Marquette,38,Oakville,0
2020-10-16,Versailles,21,Osage,43
2020-10-16,Lutheran South,7,Owensville,34
2020-10-16,Webb City,48,Ozark,13
2020-10-16,Lee's Summit North,10,Park Hill,27
2020-10-16,Lafayette (Wildwood),40,Parkway Central,7
2020-10-16,Parkway North,24,Parkway South,20
2020-10-16,Northeast (Kansas City),8,Pembroke Hill,54
2020-10-16,West Platte,14,Penney,49
2020-10-16,Miller,0,Pierce City,41
2020-10-16,Center,21,Pleasant Hill,28
2020-10-16,Forsyth,56,Pleasant Hope,0
2020-10-16,South Harrison,6,Princeton with Mercer,28
2020-10-16,Grain Valley,14,Raytown,21
2020-10-16,Carthage,63,Republic,29
2020-10-16,Lindbergh,27,Rockwood Summit,23
2020-10-16,Smithville,57,Ruskin,12
2020-10-16,Liberty (Mountain View),32,Salem,28
2020-10-16,Diamond,14,Sarcoxie,42
2020-10-16,Maryville,39,Savannah,17
2020-10-16,Harrisburg,22,Scotland County,6
2020-10-16,St. James,21,Scott City,34
2020-10-16,Lamar,37,Seneca,6
2020-10-16,Central (New Madrid County),64,Sikeston,34
2020-10-16,De Smet Jesuit,38,SLUH,22
2020-10-16,Blair Oaks,42,Southern Boone,21
2020-10-16,Monett,6,Springfield Catholic,21
2020-10-16,MICDS,56,St. Dominic,40
2020-10-16,Thayer,34,St. Pius X (Festus),13
2020-10-16,Lafayette (St. Joseph),14,St. Pius X (Kansas City),16
2020-10-16,Grandview (Hillsboro),0,St. Vincent,49
2020-10-16,Stockton,8,Strafford,51
2020-10-16,Windsor (Imperial),33,Sweet Springs with Malta Bend,34
2020-10-16,Windsor,55,Tipton,20
2020-10-16,Gallatin,54,Trenton,14
2020-10-16,Chaminade College Prep,9,Trinity Catholic,7
2020-10-16,Ft. Zumwalt West,28,Troy Buchanan,16
2020-10-16,Herculaneum,12,Valle Catholic,67
2020-10-16,University Academy Charter,42,Van Horn,41
2020-10-16,Montgomery County,51,Van-Far with Community,6
2020-10-16,Westminster Christian Academy,27,Veritas Christian Academy,38
2020-10-16,Christian Brothers College,42,Vianney,3
2020-10-16,Orchard Farm,38,Warrenton,7
2020-10-16,Skyline,52,Warsaw,8
2020-10-16,Ft. Zumwalt East,20,Washington,48
2020-10-16,Lincoln,14,Wellington-Napoleon,7
2020-10-16,Waynesville,20,West Plains,56
2020-10-16,Neosho,20,Willard,27
2020-10-17,El Dorado Springs,13,Butler,18
2020-10-17,Lincoln College Prep,45,Central (Kansas City),8
2020-10-17,Mehlville,17,Eureka,54
2020-10-17,Clayton,0,John Burroughs,38
2020-10-17,Summit Christian Academy,35,Palmyra,42
2020-10-17,Raytown South,0,Platte County,41
2020-10-17,Priory,48,Principia,6
2020-10-17,Hickman,32,Rock Bridge,41
2020-10-17,St. Charles,14,St. Charles West,26
2020-10-22,Francis Howell North,21,Central (Cape Girardeau),38
2020-10-22,Ft. Zumwalt West,23,Jefferson City,20
2020-10-23,Wellington-Napoleon,0,Adrian,33
2020-10-23,Kelly,28,Affton,0
2020-10-23,Nevada,39,Aurora,20
2020-10-23,Willow Springs,6,Ava,38
2020-10-23,Chillicothe,34,Benton,14
2020-10-23,Osage,14,Blair Oaks,61
2020-10-23,Rockhurst,42,Blue Springs,20
2020-10-23,Republic,34,Branson,28
2020-10-23,South Shelby,10,Brookfield,54
2020-10-23,Warsaw,38,Buffalo,42
2020-10-23,Kirksville,7,Capital City,13
2020-10-23,Ozark,28,Carl Junction,33
2020-10-23,Lafayette County,49,Carrollton,10
2020-10-23,Nixa,12,Carthage,35
2020-10-23,McDonald County,21,Cassville,44
2020-10-23,Clinton,0,Center,41
2020-10-23,Summit Christian Academy,56,Central (Kansas City),22
2020-10-23,Charleston,20,Central (New Madrid County),60
2020-10-23,Farmington,14,Central (Park Hills),17
2020-10-23,Chaminade College Prep,19,Christian Brothers College,49
2020-10-23,Bowling Green,54,Clopton with Elsberry,0
2020-10-23,Tipton,18,Crest Ridge,35
2020-10-23,Portageville,32,Crystal City,34
2020-10-23,Potosi,6,DeSoto with Kingston,33
2020-10-23,Lockwood with Golden City,49,Diamond,14
2020-10-23,North Platte,13,East Buchanan,59
2020-10-23,Fredericktown,0,East Prairie,18
2020-10-23,Fair Grove,51,El Dorado Springs,25
2020-10-23,St. James,18,Eldon,21
2020-10-23,Kirkwood,28,Eureka,17
2020-10-23,Pleasant Hill,6,Excelsior Springs,26
2020-10-23,Central (Springfield),8,Forsyth,52
2020-10-23,Rock Bridge,21,Francis Howell,27
2020-10-23,Washington,41,Francis Howell Central,14
2020-10-23,St. Charles,0,Ft. Zumwalt East,35
2020-10-23,Marquette,16,Ft. Zumwalt North,35
2020-10-23,Sweet Springs with Malta Bend,14,Fulton,48
2020-10-23,Princeton with Mercer,28,Gallatin,18
2020-10-23,Belton,0,Grain Valley,22
2020-10-23,Oak Park,26,Grandview,22
2020-10-23,Chaffee,20,Grandview (Hillsboro),37
2020-10-23,Boonville,30,Hallsville,14
2020-10-23,Battle,27,Hannibal,14
2020-10-23,Caruthersville,6,Hayti,58
2020-10-23,Cardinal Ritter,18,Helias Catholic,27
2020-10-23,Jackson,56,Hickman,7
2020-10-23,Springfield Catholic,41,Hollister,27
2020-10-23,Liberty (Mountain View),40,Houston,0
2020-10-23,St. Vincent,28,Jefferson (Festus),35
2020-10-23,Sikeston,14,Kennett,53
2020-10-23,Hillcrest,20,Kickapoo,39
2020-10-23,Holden,0,Knob Noster,42
2020-10-23,Fayette,20,Knox County,0
2020-10-23,Fox,28,Ladue Horton Watkins,26
2020-10-23,Maryville,28,Lafayette (St. Joseph),14
2020-10-23,Rockwood Summit,23,Lafayette (Wildwood),33
2020-10-23,East Newton,14,Lamar,53
2020-10-23,Lee's Summit West,21,Lee's Summit North,7
2020-10-23,Richmond,32,Lexington,16
2020-10-23,Blue Springs South,10,Liberty North,34
2020-10-23,Parkway Central,6,Lindbergh,49
2020-10-23,Butler,51,Lone Jack with Kingsville,6
2020-10-23,Troy Buchanan,7,Lutheran St. Charles,40
2020-10-23,Clark County,28,Macon,49
2020-10-23,Dexter,34,Malden,12
2020-10-23,Harrisburg,8,Marceline,56
2020-10-23,Louisiana,6,Mark Twain,28
2020-10-23,Cameron,27,Marshall,20
2020-10-23,Mt. Vernon,22,Marshfield,33
2020-10-23,Warrenton,29,Mexico,26
2020-10-23,West Platte,6,Mid-Buchanan,60
2020-10-23,Marionville,60,Miller,0
2020-10-23,Seneca,6,Monett,27
2020-10-23,Highland,6,Monroe City,46
2020-10-23,North Callaway,27,Montgomery County,14
2020-10-23,Joplin,48,Neosho,0
2020-10-23,Liberty,31,North Kansas City,14
2020-10-23,Oakville,7,Northwest (Cedar Hill),42
2020-10-23,Harrisonville,8,Odessa,51
2020-10-23,Duchesne,19,Orchard Farm,14
2020-10-23,Centralia,14,Palmyra,19
2020-10-23,Central (St. Joseph),0,Park Hill South,56
2020-10-23,Parkway North,42,Parkway West,7
2020-10-23,Van Horn,6,Pembroke Hill,44
2020-10-23,Lawson,12,Penney,40
2020-10-23,Pleasant Hope,0,Pierce City,53
2020-10-23,Putnam County,40,Polo,8
2020-10-23,Park Hill,19,Raymore-Peculiar,13
2020-10-23,Ruskin,39,Raytown South,30
2020-10-23,Logan-Rogersville,42,Reeds Spring,7
2020-10-23,Camdenton,10,Rolla,28
2020-10-23,Slater,63,Sarcoxie,16
2020-10-23,Cabool,18,Salem,19
2020-10-23,Missouri Military Academy,46,Salisbury,48
2020-10-23,Ash Grove,14,Sarcoxie,34
2020-10-23,St. Pius X (Kansas City),41,Savannah,6
2020-10-23,Parkway South,0,Seckman,33
2020-10-23,Strafford,14,Skyline,50
2020-10-23,Vianney,3,SLUH,20
2020-10-23,Winnetonka,7,Smithville,33
2020-10-23,California,0,Southern Boone,21
2020-10-23,Festus,55,St. Charles West,0
2020-10-23,Owensville,20,St. Clair,58
2020-10-23,Hermann,7,St. Francis Borgia,42
2020-10-23,Trinity Catholic,35,St. Mary's South Side,36
2020-10-23,Lathrop,13,St. Michael the Archangel,33
2020-10-23,Valle Catholic,52,St. Pius X (Festus),13
2020-10-23,Lee's Summit,14,Staley,21
2020-10-23,Midway,46,Stockton,35
2020-10-23,Mountain Grove,14,Thayer,43
2020-10-23,Ft. Zumwalt South,6,Timberland,35
2020-10-23,South Harrison,48,Trenton,16
2020-10-23,Raytown,44,Truman,12
2020-10-23,Scotland County,28,Van-Far with Community,14
2020-10-23,Glendale,47,Waynesville,32
2020-10-23,Willard,0,Webb City,55
2020-10-23,Bolivar,42,West Plains,21
2020-10-23,Fort Osage,48,William Chrisman,39
2020-10-23,Scott City,8,Windsor,53
2020-10-23,Lutheran South,29,Windsor (Imperial),28
2020-10-23,Cuba,53,Winfield,26
2020-10-24,MICDS,42,John Burroughs,6
2020-10-24,Herculaneum,12,Perryville,48
2020-10-24,Clayton,0,Priory,38
2020-10-24,Northeast (Kansas City),18,Southeast,34
2020-10-24,East (Kansas City),22,University Academy Charter,18
2020-10-24,St. Dominic,50,Westminster Christian Academy,14
2020-10-30,Crystal City,6,Thayer,46
2020-10-30,Chaffee,12,St. Vincent,47
2020-10-30,Malden,0,Hayti,82
2020-10-30,South Shelby,14,Mark Twain,18
2020-10-30,Cole Camp,27,Lincoln,21
2020-10-30,Pleasant Hope,6,Windsor,68
2020-10-30,Sarcoxie,18,Tipton,56
2020-10-30,Ash Grove,9,Pierce City,28
2020-10-30,Miller,6,Lockwood with Golden City,42
2020-10-30,Diamond,0,Cabool,49
2020-10-30,Sherwood,0,Crest Ridge,51
2020-10-30,Midway,0,Sweet Springs with Malta Bend,32
2020-10-30,Carrollton,19,Fayette,34
2020-10-30,Salisbury,20,Westran,55
2020-10-30,Knox County,6,Milan,44
2020-10-30,Scotland County,12,Princeton with Mercer,40
2020-10-30,Polo,21,Plattsburg,7
2020-10-30,North Platte,14,East Buchanan,48
2020-10-30,Caruthersville,13,Portageville,0
2020-10-30,Principia,0,Louisiana,13
2020-10-30,Marionville,13,Greenfield,0
2020-10-30,Harrisburg,13,Slater,0
2020-10-30,South Harrison,13,Putnam County,0
2020-10-30,Penney,13,Gallatin,0
2020-10-30,Scott City,39,Central (New Madrid County),42
2020-10-30,Charleston,0,Kelly,46
2020-10-30,St. Pius X (Festus),0,Jefferson (Festus),33
2020-10-30,Grandview (Hillsboro),0,Cuba,55
2020-10-30,Houston,6,Liberty (Mountain View),50
2020-10-30,Willow Springs,21,Forsyth,41
2020-10-30,Strafford,12,Fair Grove,28
2020-10-30,Clever,29,El Dorado Springs,52
2020-10-30,Stockton,40,East Newton,35
2020-10-30,Hermann,44,Missouri Military Academy,14
2020-10-30,Van-Far with Community,20,Montgomery County,47
2020-10-30,Highland,50,Clark County,52
2020-10-30,Clopton with Elsberry,12,Bowling Green,53
2020-10-30,Versailles,7,St. Michael the Archangel,42
2020-10-30,Lone Jack with Kingsville,7,Warsaw,42
2020-10-30,Lawson,0,Brookfield,44
2020-10-30,Trenton,0,Lexington,36
2020-10-30,Lathrop,0,Lafayette County,21
2020-10-30,Veritas Christian Academy,13,Lutheran South,0
2020-10-30,Dexter,28,Ste. Genevieve,46
2020-10-30,Fredericktown,8,St. Mary's South Side,44
2020-10-30,Cardinal Ritter,57,Owensville,8
2020-10-30,St. James,0,St. Clair,49
2020-10-30,Salem,20,Potosi,7
2020-10-30,Wright City,26,Orchard Farm,12
2020-10-30,Winfield,6,St. Francis Borgia,44
2020-10-30,Boonville,34,California,21
2020-10-30,Macon,29,Southern Boone,62
2020-10-30,Eldon,16,Osage,49
2020-10-30,Clinton,8,Mountain Grove,67
2020-10-30,Seneca,35,Aurora,30
2020-10-30,Southeast,6,Pembroke Hill,47
2020-10-30,Knob Noster,15,Oak Grove,51
2020-10-30,Pleasant Hill,30,Summit Christian Academy,42
2020-10-30,Benton,28,Chillicothe,34
2020-10-30,Northeast (Kansas City),20,Maryville,60
2020-10-30,Central (Kansas City),20,Cameron,58
2020-10-30,Reeds Spring,13,Hollister,0
2020-10-30,Sikeston,0,North County,43
2020-10-30,Pacific,50,Windsor (Imperial),34
2020-10-30,Clayton,0,Union,42
2020-10-30,Sullivan,18,Affton,0
2020-10-30,Trinity Catholic,57,St. Charles West,0
2020-10-30,St. Charles,0,St. Dominic,48
2020-10-30,Warrenton,20,Kirksville,56
2020-10-30,Fulton,42,Mexico,59
2020-10-30,Marshfield,14,McDonald County,37
2020-10-30,Monett,9,Carl Junction,45
2020-10-30,Hillcrest,42,Logan-Rogersville,28
2020-10-30,Harrisonville,41,Nevada,56
2020-10-30,Marshall,14,Warrensburg,58
2020-10-30,East (Kansas City),14,Van Horn,35
2020-10-30,Raytown South,12,Grandview,53
2020-10-30,Lafayette (St. Joseph),21,Savannah,20
2020-10-30,Excelsior Springs,7,Kearney,22
2020-10-30,Central (Cape Girardeau),0,DeSoto with Kingston,13
2020-10-30,Hillsboro,13,Perryville,0
2020-10-30,Mehlville,10,Poplar Bluff,35
2020-10-30,Oakville,6,Farmington,42
2020-10-30,Westminster Christian Academy,0,Ladue Horton Watkins,28
2020-10-30,Parkway Central,10,Liberty (Wentzville),2
2020-10-30,Francis Howell North,34,Ft. Zumwalt East,51
2020-10-30,Camdenton,42,Jefferson City,36
2020-10-30,Capital City,7,Rolla,35
2020-10-30,Central (Springfield),6,Willard,51
2020-10-30,Branson,34,Republic,13
2020-10-30,Neosho,7,Ozark,40
2020-10-30,William Chrisman,49,Ruskin,12
2020-10-30,Truman,17,Belton,27
2020-10-30,Smith-Cotton,0,Raytown,36
2020-10-30,Fort Osage,21,Staley,31
2020-10-30,North Kansas City,13,Oak Park,0
2020-10-30,Park Hill South,13,Central (St. Joseph),0
2020-10-30,Vianney,0,Fox,42
2020-10-30,Northwest (Cedar Hill),19,Lafayette (Wildwood),37
2020-10-30,Eureka,14,Lindbergh,21
2020-10-30,Francis Howell Central,0,De Smet Jesuit,55
2020-10-30,Marquette,28,Christian Brothers College,63
2020-10-30,Timberland,21,Francis Howell,56
2020-10-30,Ft. Zumwalt West,14,Holt,48
2020-10-30,Lee's Summit,10,Raymore-Peculiar,41
2020-10-30,Kickapoo,0,Lee's Summit West,41
2020-10-30,Blue Springs South,28,Liberty,48
2020-10-30,Park Hill,28,Blue Springs,55
2020-10-30,Hickman,7,Liberty North,49
2020-10-30,Troy Buchanan,20,Rock Bridge,31
2020-10-30,Kirkwood,0,SLUH,13
2020-10-30,Rockhurst,0,Joplin,13
2020-10-30,Nixa,13,Lee's Summit North,0
2020-10-31,Wellington-Napoleon,14,University Academy Charter,16
2020-10-31,Holden,0,Hogan Prep Academy Charter,42
2020-10-31,Herculaneum,0,Priory,56
2020-10-31,Parkway West,28,Parkway South,14
2020-11-06,Caruthersville,18,Thayer,57
2020-11-06,Hayti,54,St. Vincent,41
2020-11-06,Louisiana,24,Mark Twain,36
2020-11-06,Cole Camp,7,Skyline,50
2020-11-06,Tipton,14,Windsor,62
2020-11-06,Pierce City,0,Marionville,34
2020-11-06,Cabool,28,Lockwood with Golden City,35
2020-11-06,Crest Ridge,36,Adrian,46
2020-11-06,University Academy Charter,34,Sweet Springs with Malta Bend,42
2020-11-06,Fayette,20,Marceline,55
2020-11-06,Harrisburg,46,Westran,8
2020-11-06,Penney,40,South Harrison,28
2020-11-06,Princeton with Mercer,42,Milan,36
2020-11-06,Polo,6,Mid-Buchanan,55
2020-11-06,West Platte,8,East Buchanan,11
2020-11-06,Central (New Madrid County),44,East Prairie,0
2020-11-06,Jefferson (Festus),40,Kelly,7
2020-11-06,Veritas Christian Academy,18,Duchesne,42
2020-11-06,Liberty (Mountain View),32,Springfield Catholic,22
2020-11-06,Fair Grove,41,Forsyth,20
2020-11-06,El Dorado Springs,6,Lamar,49
2020-11-06,Stockton,23,Sarcoxie,36
2020-11-06,Hermann,8,Hallsville,44
2020-11-06,Montgomery County,49,North Callaway,50
2020-11-06,Clark County,8,Palmyra,35
2020-11-06,Bowling Green,26,Monroe City,28
2020-11-06,St. Michael the Archangel,21,Butler,40
2020-11-06,Hogan Prep Academy Charter,20,Warsaw,26
2020-11-06,Brookfield,6,St. Pius X (Kansas City),20
2020-11-06,Lafayette County,21,Lexington,14
2020-11-06,Lutheran St. Charles,13,Cuba,0
2020-11-06,Ste. Genevieve,29,Kennett,47
2020-11-06,St. Mary's South Side,55,Valle Catholic,22
2020-11-06,Cardinal Ritter,45,Central (Park Hills),14
2020-11-06,Salem,7,St. Clair,42
2020-11-06,Wright City,0,Lutheran North,59
2020-11-06,Priory,29,St. Francis Borgia,43
2020-11-06,Boonville,14,Blair Oaks,54
2020-11-06,Southern Boone,12,Centralia,26
2020-11-06,Osage,24,Buffalo,63
2020-11-06,Mountain Grove,28,Ava,14
2020-11-06,Seneca,0,Mt. Vernon,42
2020-11-06,Pembroke Hill,9,Odessa,35
2020-11-06,Summit Christian Academy,35,Oak Grove,0
2020-11-06,Chillicothe,41,Richmond,62
2020-11-06,Cameron,13,Maryville,41
2020-11-06,Cassville,13,Reeds Spring,0
2020-11-06,DeSoto with Kingston,7,Festus,35
2020-11-06,North County,36,Hillsboro,28
2020-11-06,Sullivan,20,Union,21
2020-11-06,St. Dominic,44,Parkway North,14
2020-11-06,Kirksville,14,Moberly,55
2020-11-06,Mexico,0,Hannibal,42
2020-11-06,McDonald County,2,West Plains,35
2020-11-06,Hillcrest,6,Carl Junction,43
2020-11-06,Nevada,22,Helias Catholic,54
2020-11-06,Warrensburg,27,Bolivar,23
2020-11-06,Van Horn,27,Lincoln College Prep,62
2020-11-06,Grandview,13,Center,7
2020-11-06,Lafayette (St. Joseph),0,Smithville,42
2020-11-06,Kearney,41,Winnetonka,34
2020-11-06,Poplar Bluff,0,Jackson,55
2020-11-06,Farmington,24,Seckman,6
2020-11-06,Parkway West,49,Rockwood Summit,28
2020-11-06,Ladue Horton Watkins,20,Chaminade College Prep,27
2020-11-06,Ft. Zumwalt East,20,Ft. Zumwalt South,48
2020-11-06,Camdenton,21,Washington,28
2020-11-06,Rolla,21,Battle,41
2020-11-06,Willard,14,Lebanon,47
2020-11-06,Waynesville,39,Glendale,58
2020-11-06,Branson,35,Carthage,55
2020-11-06,Ozark,28,Webb City,49
2020-11-06,Raytown,14,Belton,10
2020-11-06,North Kansas City,17,Platte County,24
2020-11-06,Staley,14,Park Hill South,9
2020-11-06,Ft. Zumwalt North,13,Parkway Central,0
2020-11-06,Grain Valley,13,William Chrisman,0
2020-11-06,Lafayette (Wildwood),29,Fox,49
2020-11-06,Lindbergh,28,SLUH,21
2020-11-06,Christian Brothers College,21,De Smet Jesuit,54
2020-11-06,Joplin,7,Raymore-Peculiar,28
2020-11-06,Blue Springs,28,Liberty,31
2020-11-06,Rock Bridge,0,Liberty North,44
2020-11-06,Francis Howell,13,Holt,0
2020-11-07,Pacific,7,John Burroughs,35
2020-11-07,Trinity Catholic,6,MICDS,31
2020-11-07,Lee's Summit West,28,Nixa,40
2020-11-13,Hayti,22,Thayer,52
2020-11-13,Mark Twain,6,South Callaway,26
2020-11-13,Windsor,44,Skyline,36
2020-11-13,Lockwood with Golden City,21,Marionville,28
2020-11-13,Sweet Springs with Malta Bend,20,Adrian,28
2020-11-13,Harrisburg,14,Marceline,50
2020-11-13,Princeton with Mercer,6,Penney,10
2020-11-13,East Buchanan,0,Mid-Buchanan,35
2020-11-13,Jefferson (Festus),42,Central (New Madrid County),20
2020-11-13,Duchesne,16,Lutheran St. Charles,13
2020-11-13,Fair Grove,20,Liberty (Mountain View),44
2020-11-13,Sarcoxie,6,Lamar,53
2020-11-13,North Callaway,14,Hallsville,36
2020-11-13,Monroe City,22,Palmyra,26
2020-11-13,Warsaw,6,Butler,40
2020-11-13,Lafayette County,0,St. Pius X (Kansas City),21
2020-11-13,St. Clair,13,Cardinal Ritter,53
2020-11-13,St. Francis Borgia,10,Lutheran North,45
2020-11-13,Centralia,14,Blair Oaks,60
2020-11-13,Mountain Grove,0,Buffalo,42
2020-11-13,Mt. Vernon,13,Cassville,35
2020-11-13,Maryville,46,Richmond,14
2020-11-13,North County,6,Festus,27
2020-11-13,Hannibal,48,Moberly,13
2020-11-13,Carl Junction,26,West Plains,41
2020-11-13,Warrensburg,14,Helias Catholic,49
2020-11-13,Grandview,14,Lincoln College Prep,3
2020-11-13,Kearney,0,Smithville,43
2020-11-13,Farmington,14,Jackson,49
2020-11-13,Chaminade College Prep,57,Parkway West,14
2020-11-13,Ft. Zumwalt South,3,Ft. Zumwalt North,52
2020-11-13,Battle,27,Washington,7
2020-11-13,Glendale,18,Lebanon,52
2020-11-13,Webb City,42,Carthage,21
2020-11-13,Raytown,7,Grain Valley,42
2020-11-13,Staley,13,Platte County,33
2020-11-13,Lindbergh,0,Fox,13
2020-11-13,Francis Howell,7,De Smet Jesuit,28
2020-11-13,Nixa,15,Raymore-Peculiar,18
2020-11-13,Liberty North,28,Liberty,10
2020-11-14,Union,26,John Burroughs,7
2020-11-14,St. Dominic,6,MICDS,42
2020-11-20,Duchesne,6,Jefferson (Festus),24
2020-11-20,St. Pius X (Kansas City),14,Butler,6
2020-11-20,Union,34,Festus,25
2020-11-20,Helias Catholic,36,West Plains,30
2020-11-20,Smithville,38,Grandview,0
2020-11-20,Chaminade College Prep,22,Jackson,63
2020-11-20,Battle,14,Ft. Zumwalt North,35
2020-11-20,Webb City,42,Lebanon,14
2020-11-20,Platte County,31,Grain Valley,28
2020-11-20,De Smet Jesuit,13,Fox,0
2020-11-21,South Callaway,15,Thayer,42
2020-11-21,Marionville,21,Windsor,40
2020-11-21,Marceline,7,Adrian,13
2020-11-21,Mid-Buchanan,46,Penney,21
2020-11-21,Lamar,32,Liberty (Mountain View),8
2020-11-21,Palmyra,44,Hallsville,30
2020-11-21,Cardinal Ritter,45,Kennett,7
2020-11-21,Blair Oaks,44,Lutheran North,9
2020-11-21,Cassville,41,Buffalo,16
2020-11-21,Maryville,35,Summit Christian Academy,9
2020-11-21,Hannibal,34,MICDS,48
2020-11-21,Liberty North,17,Raymore-Peculiar,24
2020-11-27,Smithville,10,Helias Catholic,13
2020-11-27,Ft. Zumwalt North,14,Jackson,49
2020-11-28,Windsor,14,Thayer,12
2020-11-28,Mid-Buchanan,63,Adrian,13
2020-11-28,Lamar,42,Jefferson (Festus),7
2020-11-28,St. Pius X (Kansas City),31,Palmyra,14
2020-11-28,Blair Oaks,55,Cardinal Ritter,46
2020-11-28,Maryville,30,Cassville,28
2020-11-28,MICDS,56,Union,20
2020-11-28,Platte County,24,Webb City,21
2020-11-28,Raymore-Peculiar,23,De Smet Jesuit,0
2020-12-04,St. Pius X (Kansas City),3,Lamar,6
2020-12-04,Helias Catholic,35,MICDS,30
2020-12-05,Mid-Buchanan,20,Windsor,43
2020-12-05,Maryville,40,Blair Oaks,62
2020-12-05,Platte County,7,Jackson,42
2020-08-01,Grandview (Hillsboro),12,Russellville,8
2020-08-01,Harrisburg,72,Russellville,28
2020-08-01,Hogan Prep Academy Charter,58,Russellville,14
2020-08-01,Missouri Military Academy,53,Russellville,8
2020-08-01,Seckman,35,Central (Park Hills),33
2020-08-01,Slater,63,Russellville,16
2020-08-01,St. Clair,35,Central (Cape Girardeau),7
2020-08-01,Tipton,56,Russellville,18
